"","Df","Sum Sq","Mean Sq","F value","Pr(>F)"
"S",1,24695.3938794477,24695.3938794477,12662.8850691126,9.6885222609987e-39
"Residuals",28,54.6061205523517,1.95021859115542, , 
